{
    "pages": {
        "popup-de-login": {
            "order": [],
            "sections": {
                "landing||": {
                    "f672a58c-aa43-46a9-9bbf-9026f150f1f8": {
                        "groups": {
                            "landing||": {
                                "landing|loginRegister|": "Login or Register",
                                "landing|enterYourEmailToContinue|": ""
                            },
                            "form-group-landing-section": {
                                "landing|yourEmail|": "Write your email",
                                "landing|validate|": "Valider",
                                "landing|hasSocialLogin|": 0
                            }
                        },
                        "blocks": {},
                        "blocks_order": []
                    }
                },
                "register|section|": {
                    "eae562ec-11a2-495f-be4c-509ad6b5b2f9": {
                        "groups": {
                            "register-section-header-group": {
                                "register|createAccount|": "Création de compte",
                                "register|fillInfoToCreateAccount|": ""
                            },
                            "register||": {
                                "register|registerAccount|": "Créer un compte",
                                "register|redirectAfterRegister|": ""
                            }
                        },
                        "blocks": {
                            "register|inputBlocks|email": {
                                "89ed0e70-d646-4e0a-b817-1a60be104370": {
                                    "register|name|": "customer[email]",
                                    "register|message|": "This block can be used to sort the input fields present in the register form"
                                }
                            },
                            "register|inputBlocks|firstName": {
                                "730511bf-4fa5-4a2e-8b0b-b41e83a37d41": {
                                    "register|placeholder|": "Your first name",
                                    "register|name|": "customer[first_name]"
                                }
                            }
                        },
                        "blocks_order": [
                            "730511bf-4fa5-4a2e-8b0b-b41e83a37d41",
                            "89ed0e70-d646-4e0a-b817-1a60be104370"
                        ]
                    }
                },
                "signin||": {
                    "27accd6e-afda-4c14-ad32-35a14c466035": {
                        "groups": {
                            "signin||": {
                                "signin|yourPassword|": "Write your password",
                                "signin|wrongPsw|": "Incorrect password. Please, try again!",
                                "signin|signIn|": "Submit",
                                "signin|loginRedirect|": "products",
                                "signin|loginTitle|": "Login "
                            }
                        },
                        "blocks": {},
                        "blocks_order": []
                    }
                },
                "activate||": {
                    "7bc7c547-ff00-4ec6-8dc4-36fa1ef3ee16": {
                        "groups": {
                            "activate|activate-section-header-group|": {
                                "activate|activateTitle|": "Activate",
                                "activate|activateSubTitle|": "Fill in your email to activate your account.",
                                "activate|activateBtn|": "Resend the email"
                            }
                        },
                        "blocks": {},
                        "blocks_order": []
                    }
                },
                "recovery||": {
                    "eea82f4b-feb5-4a5a-8b98-11c988291cfe": {
                        "groups": {
                            "recovery|recovery-section-header-group|": {
                                "recovery|recoveryTitle|": "Recover password",
                                "recovery|recoverySubTitle|": "Enter your email to receive a reset password link.",
                                "recovery|recoveryBtn|": "Recover"
                            }
                        },
                        "blocks": {},
                        "blocks_order": []
                    }
                }
            }
        }
    },
    "global_sections": {
        "styles": {
            "groups": {
                "colors": {
                    "|--primary-text-color|": "rgba(0,0,0,1)",
                    "|--secondary-text-color|": "rgba(0,0,0,1)"
                },
                "font-size": {
                    "landing|--large-font-size|em": 2,
                    "register|--title-font-weight": 400,
                    "landing|--medium-text-size|em": 1.1
                },
                "font-family": {
                    "register|--title-font-family|": "None",
                    "register|--form-font-family|": "None"
                }
            },
            "blocks": {}
        },
        "form": {
            "groups": {
                "Labels": {
                    "|--ternary-text-color|": "rgba(0,0,0,1)",
                    "|--label-font-size|em": "0.9",
                    "|--label-font-weight|": 400,
                    "|formStyle|": "label-fixed-bottom"
                },
                "form-input": {
                    "register|--input-bg-color|": "rgba(255,255,255, 1)",
                    "register|--input-box-shadow|": "rgba(255,255,255, 1)",
                    "register|--input-padding|": "8px 8px 8px 8px",
                    "register|--input-line|": "1px solid black",
                    "register|--input-line-direction|": "All",
                    "register|--input-margin|em": "0.8",
                    "register|--input-radius|px": "0",
                    "register|--border-color-focus|": "rgba(0, 0, 0, 1)",
                    "|--input-line|": "1px solid #c8cec8",
                    "|--input-radius|px": "3",
                    "|--input-padding|": "8px 8px 8px 8px ",
                    "|--input-line-direction|": "All"
                },
                "form-input-error": {
                    "register|errorIcon|": "label-none",
                    "register|--error-color|": "rgba(208, 26, 26, 1)",
                    "register|--error-bg-color|": "rgba(240, 207, 207, 1)"
                }
            },
            "blocks": {}
        },
        "buttons": {
            "groups": {
                "font-style": {
                    "|--btn-font-size|em": "1.4",
                    "|--btn-font-family|": "BeaufortCondensedMedium",
                    "|--btn-border|": "1px solid #000000",
                    "|--btn-color|": "rgba(12,5,5,1)",
                    "|--btn-bg-color|": "rgba(255,255,255,1)",
                    "|--btn-padding|px": "5",
                    "|--btn-margin|": "0px 0px 0px 0px "
                }
            },
            "blocks": {}
        },
        "theme": {
            "groups": {
                "popup-container": {
                    "|--content-bg-color|": "rgba(255,255,255,1)",
                    "landing|--form-width|px": "265",
                    "|--form-padding|": "10px 50px 50px 50px ",
                    "|--container-border-radius|%": "0",
                    "landing|--content-width|px": "375",
                    "|--form-width|px": "348",
                    "|--content-padding|": "0px 0px 0px 0px "
                },
                "theme": {
                    "|--content-vertical-alignment|": "center",
                    "|layout|": "popup-centered",
                    "|--header-img|": {
                        "statusCode": 200,
                        "url": "https://icon-library.com/images/shopify-icon/shopify-icon-27.jpg"
                    },
                    "|--img-max-width|px": "220",
                    "|--animation|": "fade-in-show",
                    "|--img-position|": "column"
                }
            },
            "blocks": {}
        },
        "register|passwordPolicy|": {
            "groups": {
                "theme": {
                    "register|hasPswMinLength|": "",
                    "register|pswMinLength|": 5,
                    "register|pswMinLengthErr|": "The password must contain at least ? characters",
                    "register|hasPswMaxLength|": "",
                    "register|pswMaxLength|": 32,
                    "register|pswMaxLengthErr|": "The password must contain at most 5 characters",
                    "register|hasPswUppercase|": "",
                    "register|pswUppercaseErr|": "The password must contain at least an uppercase character",
                    "register|hasPswNumber|": "",
                    "register|pswNumberErr|": "The password must contain at least a number",
                    "register|hasPswSpecialCharacter|": "",
                    "register|pswSpecialCharacterErr|": "The password must contain at least a special character"
                }
            },
            "blocks": {}
        }
    }
}
