{"pages":{"popup-de-login":{"order":[],"sections":{"landing||":{"bb77bee9-8cf4-4426-9eb0-6e75ef3312a5":{"groups":{"landing||":{"landing|loginRegister|":"Sign in / Register","landing|enterYourEmailToContinue|":"Enter your email address to continue."},"form-group-landing-section":{"landing|yourEmail|":"Write your email","landing|validate|":"SIGN IN","landing|hasSocialLogin|":0}},"blocks":{},"blocks_order":[]}},"register|section|":{"19f9892e-6096-4274-8cb1-3ef359f57e4b":{"groups":{"register-section-header-group":{"register|createAccount|":"REGISTER","register|fillInfoToCreateAccount|":""},"register||":{"register|registerAccount|":"REGISTER","register|redirectAfterRegister|":""}},"blocks":{},"blocks_order":[]}},"signin||":{"e67905b5-3fa5-4e99-91c2-d215af139112":{"groups":{"signin||":{"signin|yourPassword|":"Write your password","signin|wrongPsw|":"Incorrect password. Please, try again!","signin|signIn|":"Submit","signin|loginRedirect|":"products","signin|loginTitle|":"Login "}},"blocks":{},"blocks_order":[]}},"activate||":{"48b51290-ea1b-4631-9f20-d124b9aafd4e":{"groups":{"activate|activate-section-header-group|":{"activate|activateTitle|":"Activate","activate|activateSubTitle|":"Fill in your email to activate your account.","activate|activateBtn|":"Resend the email"}},"blocks":{},"blocks_order":[]}},"recovery||":{"92b646c3-487a-4d44-825b-14059e189970":{"groups":{"recovery|recovery-section-header-group|":{"recovery|recoveryTitle|":"Recover password","recovery|recoverySubTitle|":"Enter your email to receive a reset password link.","recovery|recoveryBtn|":"Recover"}},"blocks":{},"blocks_order":[]}}}}},"global_sections":{"styles":{"groups":{"colors":{"|--primary-text-color|":"rgba(65,58,58,1)","|--secondary-text-color|":"rgba(0,0,0,1)","|--ternary-text-color|":"rgba(0,0,0,1)"},"font-size":{"landing|--large-font-size|em":2,"register|--title-font-weight":400,"landing|--medium-text-size|em":1.1,"|--large-font-size|em":"2.2","|--title-font-weight":"500","|--title-font-weight|":"normal"},"font-family":{"register|--title-font-family|":"Archivo Narrow","|--title-font-family|":"sans-serif","|--form-font-family|":"Archivo Narrow","|--font-family|":"Georgia, serif"}},"blocks":{}},"form":{"groups":{"Labels":{"register|--label-color|":"rgba(0,0,0, 1)","register|formStyle|":"label-go-up","|--label-font-size|em":"1.2","|--ternary-text-color|":"rgba(2,1,1,1)","|--label-font-weight|":"200","|formStyle|":"label-go-up"},"form-input":{"register|errorIcon|":"label-none","register|--error-color|":"rgba(208, 26, 26, 1)","register|--error-bg-color|":"rgba(240, 207, 207, 1)","register|--input-padding|":"24px 0px 10px 5px ","register|--input-line|":"2px solid #c5bdbc","register|--input-line-direction|":"Bottom","register|--input-box-shadow|":"rgba(253,248,248,1)","|--input-padding|":"10px 10px 3px 0px ","|--input-line|":"1px solid #865a5a","|--input-radius|px":"0","|--border-color-focus|":"rgba(14,8,8,1)"},"form-input-error":{"register|errorIcon|":"label-none","register|--error-color|":"rgba(208, 26, 26, 1)","register|--error-bg-color|":"rgba(240, 207, 207, 1)"}},"blocks":{}},"buttons":{"groups":{"font-style":{"|--btn-font-size|em":"1.4","|--btn-font-family|":"BeaufortCondensedMedium","|--btn-border|":"2px solid #092dc5","|--btn-color|":"rgba(9,45,197,1)","|--btn-bg-color|":"rgba(255,255,255,1)","|--btn-padding|px":"12","|--btn-margin|":"20px 50px 20px 50px "}},"blocks":{}},"theme":{"groups":{"popup-container":{"|--content-bg-color|":"rgba(255,255,255,1)","|--form-width|px":"448","|--form-padding|":"40px 50px 0px 50px ","|--content-padding|":"40px 50px 40px 50px ","|--container-border-radius|%":0.5},"theme":{"|layout|":"popup-centered","|--content-vertical-alignment|":"center","|--animation|":"none","|--container-bg-image|":"https://cdn.shopify.com/s/files/1/2598/9270/products/Packshotfriandiseschatvolaille_600x.jpg?v=159948757","|--bg-opacity-image|":1,"|--header-img|":"","|--img-max-width|px":200,"|--img-position|":"column","|--label-font-weight":400}},"blocks":{}},"register|passwordPolicy|":{"groups":{"theme":{"register|hasPswMinLength|":"","register|pswMinLength|":5,"register|pswMinLengthErr|":"The password must contain at least ? characters","register|hasPswMaxLength|":"","register|pswMaxLength|":32,"register|pswMaxLengthErr|":"The password must contain at most 5 characters","register|hasPswUppercase|":"","register|pswUppercaseErr|":"The password must contain at least an uppercase character","register|hasPswNumber|":"","register|pswNumberErr|":"The password must contain at least a number","register|hasPswSpecialCharacter|":"","register|pswSpecialCharacterErr|":"The password must contain at least a special character"}},"blocks":{}}}}